AIM Version,11.5.0,,,,,,,,,,,,,,,,,,,,,,,,,,,,,,,,,,,,,,,,,,,,,,,,,,,,,,,,,,,,,,,,,,,,,,,,,,,,,,,,,,,,,,,,,,,,,,,,,,,,,,,,,,,,,,,,,,,,,,,,,,,,,,,,,,,,,,,,,,,,,,,,,,,,,,,,,,,,,,,,,,,,,,,,,,,,,,,,,,,,,,,,,,,,,,,,,,,,,,,,,,,,,,,,,,,,,,,,,,,,,,,,,,,,,,,,,,,,,,,,,,,,,,,,,,,,,,,,,,,,,,,,,,,,,,,,,,,,,,,,,,,,,,,,,,,,,,,,,,,,,,,,,,,,,,,,,,,,,,,,,,,,,,,,,,,,,,,,,,,,,,,,,,,,,,,,,,,,,,,,,,,,,,,,,,,,,,,,,,,,,,,,,,,,,,,,,,,,,,,,,,,,,,,,,,,,,,,,,,,,,,,,,,,,,,,,,,,,,,,,,,,,,,,,,,,,,,,,,,,,,,,,,,,,,,,,
Dataset Name,2025 11 25 10_01,,,,,,,,,,,,,,,,,,,,,,,,,,,,,,,,,,,,,,,,,,,,,,,,,,,,,,,,,,,,,,,,,,,,,,,,,,,,,,,,,,,,,,,,,,,,,,,,,,,,,,,,,,,,,,,,,,,,,,,,,,,,,,,,,,,,,,,,,,,,,,,,,,,,,,,,,,,,,,,,,,,,,,,,,,,,,,,,,,,,,,,,,,,,,,,,,,,,,,,,,,,,,,,,,,,,,,,,,,,,,,,,,,,,,,,,,,,,,,,,,,,,,,,,,,,,,,,,,,,,,,,,,,,,,,,,,,,,,,,,,,,,,,,,,,,,,,,,,,,,,,,,,,,,,,,,,,,,,,,,,,,,,,,,,,,,,,,,,,,,,,,,,,,,,,,,,,,,,,,,,,,,,,,,,,,,,,,,,,,,,,,,,,,,,,,,,,,,,,,,,,,,,,,,,,,,,,,,,,,,,,,,,,,,,,,,,,,,,,,,,,,,,,,,,,,,,,,,,,,,,,,,,,,,,,,,
Classifier Model,3082,,,,,,,,,,,,,,,,,,,,,,,,,,,,,,,,,,,,,,,,,,,,,,,,,,,,,,,,,,,,,,,,,,,,,,,,,,,,,,,,,,,,,,,,,,,,,,,,,,,,,,,,,,,,,,,,,,,,,,,,,,,,,,,,,,,,,,,,,,,,,,,,,,,,,,,,,,,,,,,,,,,,,,,,,,,,,,,,,,,,,,,,,,,,,,,,,,,,,,,,,,,,,,,,,,,,,,,,,,,,,,,,,,,,,,,,,,,,,,,,,,,,,,,,,,,,,,,,,,,,,,,,,,,,,,,,,,,,,,,,,,,,,,,,,,,,,,,,,,,,,,,,,,,,,,,,,,,,,,,,,,,,,,,,,,,,,,,,,,,,,,,,,,,,,,,,,,,,,,,,,,,,,,,,,,,,,,,,,,,,,,,,,,,,,,,,,,,,,,,,,,,,,,,,,,,,,,,,,,,,,,,,,,,,,,,,,,,,,,,,,,,,,,,,,,,,,,,,,,,,,,,,,,,,,,,,
Classifier S/N,3082002245007,,,,,,,,,,,,,,,,,,,,,,,,,,,,,,,,,,,,,,,,,,,,,,,,,,,,,,,,,,,,,,,,,,,,,,,,,,,,,,,,,,,,,,,,,,,,,,,,,,,,,,,,,,,,,,,,,,,,,,,,,,,,,,,,,,,,,,,,,,,,,,,,,,,,,,,,,,,,,,,,,,,,,,,,,,,,,,,,,,,,,,,,,,,,,,,,,,,,,,,,,,,,,,,,,,,,,,,,,,,,,,,,,,,,,,,,,,,,,,,,,,,,,,,,,,,,,,,,,,,,,,,,,,,,,,,,,,,,,,,,,,,,,,,,,,,,,,,,,,,,,,,,,,,,,,,,,,,,,,,,,,,,,,,,,,,,,,,,,,,,,,,,,,,,,,,,,,,,,,,,,,,,,,,,,,,,,,,,,,,,,,,,,,,,,,,,,,,,,,,,,,,,,,,,,,,,,,,,,,,,,,,,,,,,,,,,,,,,,,,,,,,,,,,,,,,,,,,,,,,,,,,,,,,,,,,,
Classifier Firmware Version,3.1,,,,,,,,,,,,,,,,,,,,,,,,,,,,,,,,,,,,,,,,,,,,,,,,,,,,,,,,,,,,,,,,,,,,,,,,,,,,,,,,,,,,,,,,,,,,,,,,,,,,,,,,,,,,,,,,,,,,,,,,,,,,,,,,,,,,,,,,,,,,,,,,,,,,,,,,,,,,,,,,,,,,,,,,,,,,,,,,,,,,,,,,,,,,,,,,,,,,,,,,,,,,,,,,,,,,,,,,,,,,,,,,,,,,,,,,,,,,,,,,,,,,,,,,,,,,,,,,,,,,,,,,,,,,,,,,,,,,,,,,,,,,,,,,,,,,,,,,,,,,,,,,,,,,,,,,,,,,,,,,,,,,,,,,,,,,,,,,,,,,,,,,,,,,,,,,,,,,,,,,,,,,,,,,,,,,,,,,,,,,,,,,,,,,,,,,,,,,,,,,,,,,,,,,,,,,,,,,,,,,,,,,,,,,,,,,,,,,,,,,,,,,,,,,,,,,,,,,,,,,,,,,,,,,,,,,
Calibration status,Last calibration > 365 days,,,,,,,,,,,,,,,,,,,,,,,,,,,,,,,,,,,,,,,,,,,,,,,,,,,,,,,,,,,,,,,,,,,,,,,,,,,,,,,,,,,,,,,,,,,,,,,,,,,,,,,,,,,,,,,,,,,,,,,,,,,,,,,,,,,,,,,,,,,,,,,,,,,,,,,,,,,,,,,,,,,,,,,,,,,,,,,,,,,,,,,,,,,,,,,,,,,,,,,,,,,,,,,,,,,,,,,,,,,,,,,,,,,,,,,,,,,,,,,,,,,,,,,,,,,,,,,,,,,,,,,,,,,,,,,,,,,,,,,,,,,,,,,,,,,,,,,,,,,,,,,,,,,,,,,,,,,,,,,,,,,,,,,,,,,,,,,,,,,,,,,,,,,,,,,,,,,,,,,,,,,,,,,,,,,,,,,,,,,,,,,,,,,,,,,,,,,,,,,,,,,,,,,,,,,,,,,,,,,,,,,,,,,,,,,,,,,,,,,,,,,,,,,,,,,,,,,,,,,,,,,,,,,,,,,,
Classifier HV Power Supply,Negative,,,,,,,,,,,,,,,,,,,,,,,,,,,,,,,,,,,,,,,,,,,,,,,,,,,,,,,,,,,,,,,,,,,,,,,,,,,,,,,,,,,,,,,,,,,,,,,,,,,,,,,,,,,,,,,,,,,,,,,,,,,,,,,,,,,,,,,,,,,,,,,,,,,,,,,,,,,,,,,,,,,,,,,,,,,,,,,,,,,,,,,,,,,,,,,,,,,,,,,,,,,,,,,,,,,,,,,,,,,,,,,,,,,,,,,,,,,,,,,,,,,,,,,,,,,,,,,,,,,,,,,,,,,,,,,,,,,,,,,,,,,,,,,,,,,,,,,,,,,,,,,,,,,,,,,,,,,,,,,,,,,,,,,,,,,,,,,,,,,,,,,,,,,,,,,,,,,,,,,,,,,,,,,,,,,,,,,,,,,,,,,,,,,,,,,,,,,,,,,,,,,,,,,,,,,,,,,,,,,,,,,,,,,,,,,,,,,,,,,,,,,,,,,,,,,,,,,,,,,,,,,,,,,,,,,,
Neutralizer Model,3077,,,,,,,,,,,,,,,,,,,,,,,,,,,,,,,,,,,,,,,,,,,,,,,,,,,,,,,,,,,,,,,,,,,,,,,,,,,,,,,,,,,,,,,,,,,,,,,,,,,,,,,,,,,,,,,,,,,,,,,,,,,,,,,,,,,,,,,,,,,,,,,,,,,,,,,,,,,,,,,,,,,,,,,,,,,,,,,,,,,,,,,,,,,,,,,,,,,,,,,,,,,,,,,,,,,,,,,,,,,,,,,,,,,,,,,,,,,,,,,,,,,,,,,,,,,,,,,,,,,,,,,,,,,,,,,,,,,,,,,,,,,,,,,,,,,,,,,,,,,,,,,,,,,,,,,,,,,,,,,,,,,,,,,,,,,,,,,,,,,,,,,,,,,,,,,,,,,,,,,,,,,,,,,,,,,,,,,,,,,,,,,,,,,,,,,,,,,,,,,,,,,,,,,,,,,,,,,,,,,,,,,,,,,,,,,,,,,,,,,,,,,,,,,,,,,,,,,,,,,,,,,,,,,,,,,,
Neutralizer S/N,,,,,,,,,,,,,,,,,,,,,,,,,,,,,,,,,,,,,,,,,,,,,,,,,,,,,,,,,,,,,,,,,,,,,,,,,,,,,,,,,,,,,,,,,,,,,,,,,,,,,,,,,,,,,,,,,,,,,,,,,,,,,,,,,,,,,,,,,,,,,,,,,,,,,,,,,,,,,,,,,,,,,,,,,,,,,,,,,,,,,,,,,,,,,,,,,,,,,,,,,,,,,,,,,,,,,,,,,,,,,,,,,,,,,,,,,,,,,,,,,,,,,,,,,,,,,,,,,,,,,,,,,,,,,,,,,,,,,,,,,,,,,,,,,,,,,,,,,,,,,,,,,,,,,,,,,,,,,,,,,,,,,,,,,,,,,,,,,,,,,,,,,,,,,,,,,,,,,,,,,,,,,,,,,,,,,,,,,,,,,,,,,,,,,,,,,,,,,,,,,,,,,,,,,,,,,,,,,,,,,,,,,,,,,,,,,,,,,,,,,,,,,,,,,,,,,,,,,,,,,,,,,,,,,,,,,
Impactor Model,0.0457 cm,,,,,,,,,,,,,,,,,,,,,,,,,,,,,,,,,,,,,,,,,,,,,,,,,,,,,,,,,,,,,,,,,,,,,,,,,,,,,,,,,,,,,,,,,,,,,,,,,,,,,,,,,,,,,,,,,,,,,,,,,,,,,,,,,,,,,,,,,,,,,,,,,,,,,,,,,,,,,,,,,,,,,,,,,,,,,,,,,,,,,,,,,,,,,,,,,,,,,,,,,,,,,,,,,,,,,,,,,,,,,,,,,,,,,,,,,,,,,,,,,,,,,,,,,,,,,,,,,,,,,,,,,,,,,,,,,,,,,,,,,,,,,,,,,,,,,,,,,,,,,,,,,,,,,,,,,,,,,,,,,,,,,,,,,,,,,,,,,,,,,,,,,,,,,,,,,,,,,,,,,,,,,,,,,,,,,,,,,,,,,,,,,,,,,,,,,,,,,,,,,,,,,,,,,,,,,,,,,,,,,,,,,,,,,,,,,,,,,,,,,,,,,,,,,,,,,,,,,,,,,,,,,,,,,,,,
Impactor S/N,4571427,,,,,,,,,,,,,,,,,,,,,,,,,,,,,,,,,,,,,,,,,,,,,,,,,,,,,,,,,,,,,,,,,,,,,,,,,,,,,,,,,,,,,,,,,,,,,,,,,,,,,,,,,,,,,,,,,,,,,,,,,,,,,,,,,,,,,,,,,,,,,,,,,,,,,,,,,,,,,,,,,,,,,,,,,,,,,,,,,,,,,,,,,,,,,,,,,,,,,,,,,,,,,,,,,,,,,,,,,,,,,,,,,,,,,,,,,,,,,,,,,,,,,,,,,,,,,,,,,,,,,,,,,,,,,,,,,,,,,,,,,,,,,,,,,,,,,,,,,,,,,,,,,,,,,,,,,,,,,,,,,,,,,,,,,,,,,,,,,,,,,,,,,,,,,,,,,,,,,,,,,,,,,,,,,,,,,,,,,,,,,,,,,,,,,,,,,,,,,,,,,,,,,,,,,,,,,,,,,,,,,,,,,,,,,,,,,,,,,,,,,,,,,,,,,,,,,,,,,,,,,,,,,,,,,,,,
DMA Model,3081,,,,,,,,,,,,,,,,,,,,,,,,,,,,,,,,,,,,,,,,,,,,,,,,,,,,,,,,,,,,,,,,,,,,,,,,,,,,,,,,,,,,,,,,,,,,,,,,,,,,,,,,,,,,,,,,,,,,,,,,,,,,,,,,,,,,,,,,,,,,,,,,,,,,,,,,,,,,,,,,,,,,,,,,,,,,,,,,,,,,,,,,,,,,,,,,,,,,,,,,,,,,,,,,,,,,,,,,,,,,,,,,,,,,,,,,,,,,,,,,,,,,,,,,,,,,,,,,,,,,,,,,,,,,,,,,,,,,,,,,,,,,,,,,,,,,,,,,,,,,,,,,,,,,,,,,,,,,,,,,,,,,,,,,,,,,,,,,,,,,,,,,,,,,,,,,,,,,,,,,,,,,,,,,,,,,,,,,,,,,,,,,,,,,,,,,,,,,,,,,,,,,,,,,,,,,,,,,,,,,,,,,,,,,,,,,,,,,,,,,,,,,,,,,,,,,,,,,,,,,,,,,,,,,,,,,
DMA S/N,3081001355,,,,,,,,,,,,,,,,,,,,,,,,,,,,,,,,,,,,,,,,,,,,,,,,,,,,,,,,,,,,,,,,,,,,,,,,,,,,,,,,,,,,,,,,,,,,,,,,,,,,,,,,,,,,,,,,,,,,,,,,,,,,,,,,,,,,,,,,,,,,,,,,,,,,,,,,,,,,,,,,,,,,,,,,,,,,,,,,,,,,,,,,,,,,,,,,,,,,,,,,,,,,,,,,,,,,,,,,,,,,,,,,,,,,,,,,,,,,,,,,,,,,,,,,,,,,,,,,,,,,,,,,,,,,,,,,,,,,,,,,,,,,,,,,,,,,,,,,,,,,,,,,,,,,,,,,,,,,,,,,,,,,,,,,,,,,,,,,,,,,,,,,,,,,,,,,,,,,,,,,,,,,,,,,,,,,,,,,,,,,,,,,,,,,,,,,,,,,,,,,,,,,,,,,,,,,,,,,,,,,,,,,,,,,,,,,,,,,,,,,,,,,,,,,,,,,,,,,,,,,,,,,,,,,,,,,
Detector Model,3752,,,,,,,,,,,,,,,,,,,,,,,,,,,,,,,,,,,,,,,,,,,,,,,,,,,,,,,,,,,,,,,,,,,,,,,,,,,,,,,,,,,,,,,,,,,,,,,,,,,,,,,,,,,,,,,,,,,,,,,,,,,,,,,,,,,,,,,,,,,,,,,,,,,,,,,,,,,,,,,,,,,,,,,,,,,,,,,,,,,,,,,,,,,,,,,,,,,,,,,,,,,,,,,,,,,,,,,,,,,,,,,,,,,,,,,,,,,,,,,,,,,,,,,,,,,,,,,,,,,,,,,,,,,,,,,,,,,,,,,,,,,,,,,,,,,,,,,,,,,,,,,,,,,,,,,,,,,,,,,,,,,,,,,,,,,,,,,,,,,,,,,,,,,,,,,,,,,,,,,,,,,,,,,,,,,,,,,,,,,,,,,,,,,,,,,,,,,,,,,,,,,,,,,,,,,,,,,,,,,,,,,,,,,,,,,,,,,,,,,,,,,,,,,,,,,,,,,,,,,,,,,,,,,,,,,,
Detector S/N,3752181401,,,,,,,,,,,,,,,,,,,,,,,,,,,,,,,,,,,,,,,,,,,,,,,,,,,,,,,,,,,,,,,,,,,,,,,,,,,,,,,,,,,,,,,,,,,,,,,,,,,,,,,,,,,,,,,,,,,,,,,,,,,,,,,,,,,,,,,,,,,,,,,,,,,,,,,,,,,,,,,,,,,,,,,,,,,,,,,,,,,,,,,,,,,,,,,,,,,,,,,,,,,,,,,,,,,,,,,,,,,,,,,,,,,,,,,,,,,,,,,,,,,,,,,,,,,,,,,,,,,,,,,,,,,,,,,,,,,,,,,,,,,,,,,,,,,,,,,,,,,,,,,,,,,,,,,,,,,,,,,,,,,,,,,,,,,,,,,,,,,,,,,,,,,,,,,,,,,,,,,,,,,,,,,,,,,,,,,,,,,,,,,,,,,,,,,,,,,,,,,,,,,,,,,,,,,,,,,,,,,,,,,,,,,,,,,,,,,,,,,,,,,,,,,,,,,,,,,,,,,,,,,,,,,,,,,,
Model 3789 D50,N/A,,,,,,,,,,,,,,,,,,,,,,,,,,,,,,,,,,,,,,,,,,,,,,,,,,,,,,,,,,,,,,,,,,,,,,,,,,,,,,,,,,,,,,,,,,,,,,,,,,,,,,,,,,,,,,,,,,,,,,,,,,,,,,,,,,,,,,,,,,,,,,,,,,,,,,,,,,,,,,,,,,,,,,,,,,,,,,,,,,,,,,,,,,,,,,,,,,,,,,,,,,,,,,,,,,,,,,,,,,,,,,,,,,,,,,,,,,,,,,,,,,,,,,,,,,,,,,,,,,,,,,,,,,,,,,,,,,,,,,,,,,,,,,,,,,,,,,,,,,,,,,,,,,,,,,,,,,,,,,,,,,,,,,,,,,,,,,,,,,,,,,,,,,,,,,,,,,,,,,,,,,,,,,,,,,,,,,,,,,,,,,,,,,,,,,,,,,,,,,,,,,,,,,,,,,,,,,,,,,,,,,,,,,,,,,,,,,,,,,,,,,,,,,,,,,,,,,,,,,,,,,,,,,,,,,,,
Nano Enhancer,None,,,,,,,,,,,,,,,,,,,,,,,,,,,,,,,,,,,,,,,,,,,,,,,,,,,,,,,,,,,,,,,,,,,,,,,,,,,,,,,,,,,,,,,,,,,,,,,,,,,,,,,,,,,,,,,,,,,,,,,,,,,,,,,,,,,,,,,,,,,,,,,,,,,,,,,,,,,,,,,,,,,,,,,,,,,,,,,,,,,,,,,,,,,,,,,,,,,,,,,,,,,,,,,,,,,,,,,,,,,,,,,,,,,,,,,,,,,,,,,,,,,,,,,,,,,,,,,,,,,,,,,,,,,,,,,,,,,,,,,,,,,,,,,,,,,,,,,,,,,,,,,,,,,,,,,,,,,,,,,,,,,,,,,,,,,,,,,,,,,,,,,,,,,,,,,,,,,,,,,,,,,,,,,,,,,,,,,,,,,,,,,,,,,,,,,,,,,,,,,,,,,,,,,,,,,,,,,,,,,,,,,,,,,,,,,,,,,,,,,,,,,,,,,,,,,,,,,,,,,,,,,,,,,,,,,,
Detector Calibration status,Last calibration < 365 days,,,,,,,,,,,,,,,,,,,,,,,,,,,,,,,,,,,,,,,,,,,,,,,,,,,,,,,,,,,,,,,,,,,,,,,,,,,,,,,,,,,,,,,,,,,,,,,,,,,,,,,,,,,,,,,,,,,,,,,,,,,,,,,,,,,,,,,,,,,,,,,,,,,,,,,,,,,,,,,,,,,,,,,,,,,,,,,,,,,,,,,,,,,,,,,,,,,,,,,,,,,,,,,,,,,,,,,,,,,,,,,,,,,,,,,,,,,,,,,,,,,,,,,,,,,,,,,,,,,,,,,,,,,,,,,,,,,,,,,,,,,,,,,,,,,,,,,,,,,,,,,,,,,,,,,,,,,,,,,,,,,,,,,,,,,,,,,,,,,,,,,,,,,,,,,,,,,,,,,,,,,,,,,,,,,,,,,,,,,,,,,,,,,,,,,,,,,,,,,,,,,,,,,,,,,,,,,,,,,,,,,,,,,,,,,,,,,,,,,,,,,,,,,,,,,,,,,,,,,,,,,,,,,,,,,,
Tube Length (cm),25.40,,,,,,,,,,,,,,,,,,,,,,,,,,,,,,,,,,,,,,,,,,,,,,,,,,,,,,,,,,,,,,,,,,,,,,,,,,,,,,,,,,,,,,,,,,,,,,,,,,,,,,,,,,,,,,,,,,,,,,,,,,,,,,,,,,,,,,,,,,,,,,,,,,,,,,,,,,,,,,,,,,,,,,,,,,,,,,,,,,,,,,,,,,,,,,,,,,,,,,,,,,,,,,,,,,,,,,,,,,,,,,,,,,,,,,,,,,,,,,,,,,,,,,,,,,,,,,,,,,,,,,,,,,,,,,,,,,,,,,,,,,,,,,,,,,,,,,,,,,,,,,,,,,,,,,,,,,,,,,,,,,,,,,,,,,,,,,,,,,,,,,,,,,,,,,,,,,,,,,,,,,,,,,,,,,,,,,,,,,,,,,,,,,,,,,,,,,,,,,,,,,,,,,,,,,,,,,,,,,,,,,,,,,,,,,,,,,,,,,,,,,,,,,,,,,,,,,,,,,,,,,,,,,,,,,,,
Tube Diameter (cm),0.48,,,,,,,,,,,,,,,,,,,,,,,,,,,,,,,,,,,,,,,,,,,,,,,,,,,,,,,,,,,,,,,,,,,,,,,,,,,,,,,,,,,,,,,,,,,,,,,,,,,,,,,,,,,,,,,,,,,,,,,,,,,,,,,,,,,,,,,,,,,,,,,,,,,,,,,,,,,,,,,,,,,,,,,,,,,,,,,,,,,,,,,,,,,,,,,,,,,,,,,,,,,,,,,,,,,,,,,,,,,,,,,,,,,,,,,,,,,,,,,,,,,,,,,,,,,,,,,,,,,,,,,,,,,,,,,,,,,,,,,,,,,,,,,,,,,,,,,,,,,,,,,,,,,,,,,,,,,,,,,,,,,,,,,,,,,,,,,,,,,,,,,,,,,,,,,,,,,,,,,,,,,,,,,,,,,,,,,,,,,,,,,,,,,,,,,,,,,,,,,,,,,,,,,,,,,,,,,,,,,,,,,,,,,,,,,,,,,,,,,,,,,,,,,,,,,,,,,,,,,,,,,,,,,,,,,,
Accessory,None,,,,,,,,,,,,,,,,,,,,,,,,,,,,,,,,,,,,,,,,,,,,,,,,,,,,,,,,,,,,,,,,,,,,,,,,,,,,,,,,,,,,,,,,,,,,,,,,,,,,,,,,,,,,,,,,,,,,,,,,,,,,,,,,,,,,,,,,,,,,,,,,,,,,,,,,,,,,,,,,,,,,,,,,,,,,,,,,,,,,,,,,,,,,,,,,,,,,,,,,,,,,,,,,,,,,,,,,,,,,,,,,,,,,,,,,,,,,,,,,,,,,,,,,,,,,,,,,,,,,,,,,,,,,,,,,,,,,,,,,,,,,,,,,,,,,,,,,,,,,,,,,,,,,,,,,,,,,,,,,,,,,,,,,,,,,,,,,,,,,,,,,,,,,,,,,,,,,,,,,,,,,,,,,,,,,,,,,,,,,,,,,,,,,,,,,,,,,,,,,,,,,,,,,,,,,,,,,,,,,,,,,,,,,,,,,,,,,,,,,,,,,,,,,,,,,,,,,,,,,,,,,,,,,,,,,
Accessory S/N,N/A,,,,,,,,,,,,,,,,,,,,,,,,,,,,,,,,,,,,,,,,,,,,,,,,,,,,,,,,,,,,,,,,,,,,,,,,,,,,,,,,,,,,,,,,,,,,,,,,,,,,,,,,,,,,,,,,,,,,,,,,,,,,,,,,,,,,,,,,,,,,,,,,,,,,,,,,,,,,,,,,,,,,,,,,,,,,,,,,,,,,,,,,,,,,,,,,,,,,,,,,,,,,,,,,,,,,,,,,,,,,,,,,,,,,,,,,,,,,,,,,,,,,,,,,,,,,,,,,,,,,,,,,,,,,,,,,,,,,,,,,,,,,,,,,,,,,,,,,,,,,,,,,,,,,,,,,,,,,,,,,,,,,,,,,,,,,,,,,,,,,,,,,,,,,,,,,,,,,,,,,,,,,,,,,,,,,,,,,,,,,,,,,,,,,,,,,,,,,,,,,,,,,,,,,,,,,,,,,,,,,,,,,,,,,,,,,,,,,,,,,,,,,,,,,,,,,,,,,,,,,,,,,,,,,,,,,
Units,dW/dlogDp,,,,,,,,,,,,,,,,,,,,,,,,,,,,,,,,,,,,,,,,,,,,,,,,,,,,,,,,,,,,,,,,,,,,,,,,,,,,,,,,,,,,,,,,,,,,,,,,,,,,,,,,,,,,,,,,,,,,,,,,,,,,,,,,,,,,,,,,,,,,,,,,,,,,,,,,,,,,,,,,,,,,,,,,,,,,,,,,,,,,,,,,,,,,,,,,,,,,,,,,,,,,,,,,,,,,,,,,,,,,,,,,,,,,,,,,,,,,,,,,,,,,,,,,,,,,,,,,,,,,,,,,,,,,,,,,,,,,,,,,,,,,,,,,,,,,,,,,,,,,,,,,,,,,,,,,,,,,,,,,,,,,,,,,,,,,,,,,,,,,,,,,,,,,,,,,,,,,,,,,,,,,,,,,,,,,,,,,,,,,,,,,,,,,,,,,,,,,,,,,,,,,,,,,,,,,,,,,,,,,,,,,,,,,,,,,,,,,,,,,,,,,,,,,,,,,,,,,,,,,,,,,,,,,,,,,
Weight,Number,,,,,,,,,,,,,,,,,,,,,,,,,,,,,,,,,,,,,,,,,,,,,,,,,,,,,,,,,,,,,,,,,,,,,,,,,,,,,,,,,,,,,,,,,,,,,,,,,,,,,,,,,,,,,,,,,,,,,,,,,,,,,,,,,,,,,,,,,,,,,,,,,,,,,,,,,,,,,,,,,,,,,,,,,,,,,,,,,,,,,,,,,,,,,,,,,,,,,,,,,,,,,,,,,,,,,,,,,,,,,,,,,,,,,,,,,,,,,,,,,,,,,,,,,,,,,,,,,,,,,,,,,,,,,,,,,,,,,,,,,,,,,,,,,,,,,,,,,,,,,,,,,,,,,,,,,,,,,,,,,,,,,,,,,,,,,,,,,,,,,,,,,,,,,,,,,,,,,,,,,,,,,,,,,,,,,,,,,,,,,,,,,,,,,,,,,,,,,,,,,,,,,,,,,,,,,,,,,,,,,,,,,,,,,,,,,,,,,,,,,,,,,,,,,,,,,,,,,,,,,,,,,,,,,,,,
Channels/Decade,128,,,,,,,,,,,,,,,,,,,,,,,,,,,,,,,,,,,,,,,,,,,,,,,,,,,,,,,,,,,,,,,,,,,,,,,,,,,,,,,,,,,,,,,,,,,,,,,,,,,,,,,,,,,,,,,,,,,,,,,,,,,,,,,,,,,,,,,,,,,,,,,,,,,,,,,,,,,,,,,,,,,,,,,,,,,,,,,,,,,,,,,,,,,,,,,,,,,,,,,,,,,,,,,,,,,,,,,,,,,,,,,,,,,,,,,,,,,,,,,,,,,,,,,,,,,,,,,,,,,,,,,,,,,,,,,,,,,,,,,,,,,,,,,,,,,,,,,,,,,,,,,,,,,,,,,,,,,,,,,,,,,,,,,,,,,,,,,,,,,,,,,,,,,,,,,,,,,,,,,,,,,,,,,,,,,,,,,,,,,,,,,,,,,,,,,,,,,,,,,,,,,,,,,,,,,,,,,,,,,,,,,,,,,,,,,,,,,,,,,,,,,,,,,,,,,,,,,,,,,,,,,,,,,,,,,,
Multiple Charge Correction,true,,,,,,,,,,,,,,,,,,,,,,,,,,,,,,,,,,,,,,,,,,,,,,,,,,,,,,,,,,,,,,,,,,,,,,,,,,,,,,,,,,,,,,,,,,,,,,,,,,,,,,,,,,,,,,,,,,,,,,,,,,,,,,,,,,,,,,,,,,,,,,,,,,,,,,,,,,,,,,,,,,,,,,,,,,,,,,,,,,,,,,,,,,,,,,,,,,,,,,,,,,,,,,,,,,,,,,,,,,,,,,,,,,,,,,,,,,,,,,,,,,,,,,,,,,,,,,,,,,,,,,,,,,,,,,,,,,,,,,,,,,,,,,,,,,,,,,,,,,,,,,,,,,,,,,,,,,,,,,,,,,,,,,,,,,,,,,,,,,,,,,,,,,,,,,,,,,,,,,,,,,,,,,,,,,,,,,,,,,,,,,,,,,,,,,,,,,,,,,,,,,,,,,,,,,,,,,,,,,,,,,,,,,,,,,,,,,,,,,,,,,,,,,,,,,,,,,,,,,,,,,,,,,,,,,,,
Diffusion Loss Correction,true,,,,,,,,,,,,,,,,,,,,,,,,,,,,,,,,,,,,,,,,,,,,,,,,,,,,,,,,,,,,,,,,,,,,,,,,,,,,,,,,,,,,,,,,,,,,,,,,,,,,,,,,,,,,,,,,,,,,,,,,,,,,,,,,,,,,,,,,,,,,,,,,,,,,,,,,,,,,,,,,,,,,,,,,,,,,,,,,,,,,,,,,,,,,,,,,,,,,,,,,,,,,,,,,,,,,,,,,,,,,,,,,,,,,,,,,,,,,,,,,,,,,,,,,,,,,,,,,,,,,,,,,,,,,,,,,,,,,,,,,,,,,,,,,,,,,,,,,,,,,,,,,,,,,,,,,,,,,,,,,,,,,,,,,,,,,,,,,,,,,,,,,,,,,,,,,,,,,,,,,,,,,,,,,,,,,,,,,,,,,,,,,,,,,,,,,,,,,,,,,,,,,,,,,,,,,,,,,,,,,,,,,,,,,,,,,,,,,,,,,,,,,,,,,,,,,,,,,,,,,,,,,,,,,,,,,
Reference Gas Viscosity (Pa*s),1.832450e-5,,,,,,,,,,,,,,,,,,,,,,,,,,,,,,,,,,,,,,,,,,,,,,,,,,,,,,,,,,,,,,,,,,,,,,,,,,,,,,,,,,,,,,,,,,,,,,,,,,,,,,,,,,,,,,,,,,,,,,,,,,,,,,,,,,,,,,,,,,,,,,,,,,,,,,,,,,,,,,,,,,,,,,,,,,,,,,,,,,,,,,,,,,,,,,,,,,,,,,,,,,,,,,,,,,,,,,,,,,,,,,,,,,,,,,,,,,,,,,,,,,,,,,,,,,,,,,,,,,,,,,,,,,,,,,,,,,,,,,,,,,,,,,,,,,,,,,,,,,,,,,,,,,,,,,,,,,,,,,,,,,,,,,,,,,,,,,,,,,,,,,,,,,,,,,,,,,,,,,,,,,,,,,,,,,,,,,,,,,,,,,,,,,,,,,,,,,,,,,,,,,,,,,,,,,,,,,,,,,,,,,,,,,,,,,,,,,,,,,,,,,,,,,,,,,,,,,,,,,,,,,,,,,,,,,,,
Reference Mean Free Path (m),6.730000e-8,,,,,,,,,,,,,,,,,,,,,,,,,,,,,,,,,,,,,,,,,,,,,,,,,,,,,,,,,,,,,,,,,,,,,,,,,,,,,,,,,,,,,,,,,,,,,,,,,,,,,,,,,,,,,,,,,,,,,,,,,,,,,,,,,,,,,,,,,,,,,,,,,,,,,,,,,,,,,,,,,,,,,,,,,,,,,,,,,,,,,,,,,,,,,,,,,,,,,,,,,,,,,,,,,,,,,,,,,,,,,,,,,,,,,,,,,,,,,,,,,,,,,,,,,,,,,,,,,,,,,,,,,,,,,,,,,,,,,,,,,,,,,,,,,,,,,,,,,,,,,,,,,,,,,,,,,,,,,,,,,,,,,,,,,,,,,,,,,,,,,,,,,,,,,,,,,,,,,,,,,,,,,,,,,,,,,,,,,,,,,,,,,,,,,,,,,,,,,,,,,,,,,,,,,,,,,,,,,,,,,,,,,,,,,,,,,,,,,,,,,,,,,,,,,,,,,,,,,,,,,,,,,,,,,,,,
Reference Gas Temperature (K),296.15,,,,,,,,,,,,,,,,,,,,,,,,,,,,,,,,,,,,,,,,,,,,,,,,,,,,,,,,,,,,,,,,,,,,,,,,,,,,,,,,,,,,,,,,,,,,,,,,,,,,,,,,,,,,,,,,,,,,,,,,,,,,,,,,,,,,,,,,,,,,,,,,,,,,,,,,,,,,,,,,,,,,,,,,,,,,,,,,,,,,,,,,,,,,,,,,,,,,,,,,,,,,,,,,,,,,,,,,,,,,,,,,,,,,,,,,,,,,,,,,,,,,,,,,,,,,,,,,,,,,,,,,,,,,,,,,,,,,,,,,,,,,,,,,,,,,,,,,,,,,,,,,,,,,,,,,,,,,,,,,,,,,,,,,,,,,,,,,,,,,,,,,,,,,,,,,,,,,,,,,,,,,,,,,,,,,,,,,,,,,,,,,,,,,,,,,,,,,,,,,,,,,,,,,,,,,,,,,,,,,,,,,,,,,,,,,,,,,,,,,,,,,,,,,,,,,,,,,,,,,,,,,,,,,,,,,
Reference Gas Pressure (kPa),101.30,,,,,,,,,,,,,,,,,,,,,,,,,,,,,,,,,,,,,,,,,,,,,,,,,,,,,,,,,,,,,,,,,,,,,,,,,,,,,,,,,,,,,,,,,,,,,,,,,,,,,,,,,,,,,,,,,,,,,,,,,,,,,,,,,,,,,,,,,,,,,,,,,,,,,,,,,,,,,,,,,,,,,,,,,,,,,,,,,,,,,,,,,,,,,,,,,,,,,,,,,,,,,,,,,,,,,,,,,,,,,,,,,,,,,,,,,,,,,,,,,,,,,,,,,,,,,,,,,,,,,,,,,,,,,,,,,,,,,,,,,,,,,,,,,,,,,,,,,,,,,,,,,,,,,,,,,,,,,,,,,,,,,,,,,,,,,,,,,,,,,,,,,,,,,,,,,,,,,,,,,,,,,,,,,,,,,,,,,,,,,,,,,,,,,,,,,,,,,,,,,,,,,,,,,,,,,,,,,,,,,,,,,,,,,,,,,,,,,,,,,,,,,,,,,,,,,,,,,,,,,,,,,,,,,,,,
Sutherland Constant (K),110.40,,,,,,,,,,,,,,,,,,,,,,,,,,,,,,,,,,,,,,,,,,,,,,,,,,,,,,,,,,,,,,,,,,,,,,,,,,,,,,,,,,,,,,,,,,,,,,,,,,,,,,,,,,,,,,,,,,,,,,,,,,,,,,,,,,,,,,,,,,,,,,,,,,,,,,,,,,,,,,,,,,,,,,,,,,,,,,,,,,,,,,,,,,,,,,,,,,,,,,,,,,,,,,,,,,,,,,,,,,,,,,,,,,,,,,,,,,,,,,,,,,,,,,,,,,,,,,,,,,,,,,,,,,,,,,,,,,,,,,,,,,,,,,,,,,,,,,,,,,,,,,,,,,,,,,,,,,,,,,,,,,,,,,,,,,,,,,,,,,,,,,,,,,,,,,,,,,,,,,,,,,,,,,,,,,,,,,,,,,,,,,,,,,,,,,,,,,,,,,,,,,,,,,,,,,,,,,,,,,,,,,,,,,,,,,,,,,,,,,,,,,,,,,,,,,,,,,,,,,,,,,,,,,,,,,,,
Sampling System Particle Loss Correction,Off,,,,,,,,,,,,,,,,,,,,,,,,,,,,,,,,,,,,,,,,,,,,,,,,,,,,,,,,,,,,,,,,,,,,,,,,,,,,,,,,,,,,,,,,,,,,,,,,,,,,,,,,,,,,,,,,,,,,,,,,,,,,,,,,,,,,,,,,,,,,,,,,,,,,,,,,,,,,,,,,,,,,,,,,,,,,,,,,,,,,,,,,,,,,,,,,,,,,,,,,,,,,,,,,,,,,,,,,,,,,,,,,,,,,,,,,,,,,,,,,,,,,,,,,,,,,,,,,,,,,,,,,,,,,,,,,,,,,,,,,,,,,,,,,,,,,,,,,,,,,,,,,,,,,,,,,,,,,,,,,,,,,,,,,,,,,,,,,,,,,,,,,,,,,,,,,,,,,,,,,,,,,,,,,,,,,,,,,,,,,,,,,,,,,,,,,,,,,,,,,,,,,,,,,,,,,,,,,,,,,,,,,,,,,,,,,,,,,,,,,,,,,,,,,,,,,,,,,,,,,,,,,,,,,,,,,
Effective Lengths (m) of components of the sampling system,,,,,,,,,,,,,,,,,,,,,,,,,,,,,,,,,,,,,,,,,,,,,,,,,,,,,,,,,,,,,,,,,,,,,,,,,,,,,,,,,,,,,,,,,,,,,,,,,,,,,,,,,,,,,,,,,,,,,,,,,,,,,,,,,,,,,,,,,,,,,,,,,,,,,,,,,,,,,,,,,,,,,,,,,,,,,,,,,,,,,,,,,,,,,,,,,,,,,,,,,,,,,,,,,,,,,,,,,,,,,,,,,,,,,,,,,,,,,,,,,,,,,,,,,,,,,,,,,,,,,,,,,,,,,,,,,,,,,,,,,,,,,,,,,,,,,,,,,,,,,,,,,,,,,,,,,,,,,,,,,,,,,,,,,,,,,,,,,,,,,,,,,,,,,,,,,,,,,,,,,,,,,,,,,,,,,,,,,,,,,,,,,,,,,,,,,,,,,,,,,,,,,,,,,,,,,,,,,,,,,,,,,,,,,,,,,,,,,,,,,,,,,,,,,,,,,,,,,,,,,,,,,,,,,,,,,
Primary Sampling Tube,N/A,,,,,,,,,,,,,,,,,,,,,,,,,,,,,,,,,,,,,,,,,,,,,,,,,,,,,,,,,,,,,,,,,,,,,,,,,,,,,,,,,,,,,,,,,,,,,,,,,,,,,,,,,,,,,,,,,,,,,,,,,,,,,,,,,,,,,,,,,,,,,,,,,,,,,,,,,,,,,,,,,,,,,,,,,,,,,,,,,,,,,,,,,,,,,,,,,,,,,,,,,,,,,,,,,,,,,,,,,,,,,,,,,,,,,,,,,,,,,,,,,,,,,,,,,,,,,,,,,,,,,,,,,,,,,,,,,,,,,,,,,,,,,,,,,,,,,,,,,,,,,,,,,,,,,,,,,,,,,,,,,,,,,,,,,,,,,,,,,,,,,,,,,,,,,,,,,,,,,,,,,,,,,,,,,,,,,,,,,,,,,,,,,,,,,,,,,,,,,,,,,,,,,,,,,,,,,,,,,,,,,,,,,,,,,,,,,,,,,,,,,,,,,,,,,,,,,,,,,,,,,,,,,,,,,,,,
PM2.5 Cyclone,N/A,,,,,,,,,,,,,,,,,,,,,,,,,,,,,,,,,,,,,,,,,,,,,,,,,,,,,,,,,,,,,,,,,,,,,,,,,,,,,,,,,,,,,,,,,,,,,,,,,,,,,,,,,,,,,,,,,,,,,,,,,,,,,,,,,,,,,,,,,,,,,,,,,,,,,,,,,,,,,,,,,,,,,,,,,,,,,,,,,,,,,,,,,,,,,,,,,,,,,,,,,,,,,,,,,,,,,,,,,,,,,,,,,,,,,,,,,,,,,,,,,,,,,,,,,,,,,,,,,,,,,,,,,,,,,,,,,,,,,,,,,,,,,,,,,,,,,,,,,,,,,,,,,,,,,,,,,,,,,,,,,,,,,,,,,,,,,,,,,,,,,,,,,,,,,,,,,,,,,,,,,,,,,,,,,,,,,,,,,,,,,,,,,,,,,,,,,,,,,,,,,,,,,,,,,,,,,,,,,,,,,,,,,,,,,,,,,,,,,,,,,,,,,,,,,,,,,,,,,,,,,,,,,,,,,,,,
Flow Splitter,N/A,,,,,,,,,,,,,,,,,,,,,,,,,,,,,,,,,,,,,,,,,,,,,,,,,,,,,,,,,,,,,,,,,,,,,,,,,,,,,,,,,,,,,,,,,,,,,,,,,,,,,,,,,,,,,,,,,,,,,,,,,,,,,,,,,,,,,,,,,,,,,,,,,,,,,,,,,,,,,,,,,,,,,,,,,,,,,,,,,,,,,,,,,,,,,,,,,,,,,,,,,,,,,,,,,,,,,,,,,,,,,,,,,,,,,,,,,,,,,,,,,,,,,,,,,,,,,,,,,,,,,,,,,,,,,,,,,,,,,,,,,,,,,,,,,,,,,,,,,,,,,,,,,,,,,,,,,,,,,,,,,,,,,,,,,,,,,,,,,,,,,,,,,,,,,,,,,,,,,,,,,,,,,,,,,,,,,,,,,,,,,,,,,,,,,,,,,,,,,,,,,,,,,,,,,,,,,,,,,,,,,,,,,,,,,,,,,,,,,,,,,,,,,,,,,,,,,,,,,,,,,,,,,,,,,,,,
Dryer,N/A,,,,,,,,,,,,,,,,,,,,,,,,,,,,,,,,,,,,,,,,,,,,,,,,,,,,,,,,,,,,,,,,,,,,,,,,,,,,,,,,,,,,,,,,,,,,,,,,,,,,,,,,,,,,,,,,,,,,,,,,,,,,,,,,,,,,,,,,,,,,,,,,,,,,,,,,,,,,,,,,,,,,,,,,,,,,,,,,,,,,,,,,,,,,,,,,,,,,,,,,,,,,,,,,,,,,,,,,,,,,,,,,,,,,,,,,,,,,,,,,,,,,,,,,,,,,,,,,,,,,,,,,,,,,,,,,,,,,,,,,,,,,,,,,,,,,,,,,,,,,,,,,,,,,,,,,,,,,,,,,,,,,,,,,,,,,,,,,,,,,,,,,,,,,,,,,,,,,,,,,,,,,,,,,,,,,,,,,,,,,,,,,,,,,,,,,,,,,,,,,,,,,,,,,,,,,,,,,,,,,,,,,,,,,,,,,,,,,,,,,,,,,,,,,,,,,,,,,,,,,,,,,,,,,,,,,
Secondary Sampling Tube,N/A,,,,,,,,,,,,,,,,,,,,,,,,,,,,,,,,,,,,,,,,,,,,,,,,,,,,,,,,,,,,,,,,,,,,,,,,,,,,,,,,,,,,,,,,,,,,,,,,,,,,,,,,,,,,,,,,,,,,,,,,,,,,,,,,,,,,,,,,,,,,,,,,,,,,,,,,,,,,,,,,,,,,,,,,,,,,,,,,,,,,,,,,,,,,,,,,,,,,,,,,,,,,,,,,,,,,,,,,,,,,,,,,,,,,,,,,,,,,,,,,,,,,,,,,,,,,,,,,,,,,,,,,,,,,,,,,,,,,,,,,,,,,,,,,,,,,,,,,,,,,,,,,,,,,,,,,,,,,,,,,,,,,,,,,,,,,,,,,,,,,,,,,,,,,,,,,,,,,,,,,,,,,,,,,,,,,,,,,,,,,,,,,,,,,,,,,,,,,,,,,,,,,,,,,,,,,,,,,,,,,,,,,,,,,,,,,,,,,,,,,,,,,,,,,,,,,,,,,,,,,,,,,,,,,,,,,
Flow Rates (L/min) through the components of the sampling system,,,,,,,,,,,,,,,,,,,,,,,,,,,,,,,,,,,,,,,,,,,,,,,,,,,,,,,,,,,,,,,,,,,,,,,,,,,,,,,,,,,,,,,,,,,,,,,,,,,,,,,,,,,,,,,,,,,,,,,,,,,,,,,,,,,,,,,,,,,,,,,,,,,,,,,,,,,,,,,,,,,,,,,,,,,,,,,,,,,,,,,,,,,,,,,,,,,,,,,,,,,,,,,,,,,,,,,,,,,,,,,,,,,,,,,,,,,,,,,,,,,,,,,,,,,,,,,,,,,,,,,,,,,,,,,,,,,,,,,,,,,,,,,,,,,,,,,,,,,,,,,,,,,,,,,,,,,,,,,,,,,,,,,,,,,,,,,,,,,,,,,,,,,,,,,,,,,,,,,,,,,,,,,,,,,,,,,,,,,,,,,,,,,,,,,,,,,,,,,,,,,,,,,,,,,,,,,,,,,,,,,,,,,,,,,,,,,,,,,,,,,,,,,,,,,,,,,,,,,,,,,,,,,,,,,,,
Primary Sampling Tube,N/A,,,,,,,,,,,,,,,,,,,,,,,,,,,,,,,,,,,,,,,,,,,,,,,,,,,,,,,,,,,,,,,,,,,,,,,,,,,,,,,,,,,,,,,,,,,,,,,,,,,,,,,,,,,,,,,,,,,,,,,,,,,,,,,,,,,,,,,,,,,,,,,,,,,,,,,,,,,,,,,,,,,,,,,,,,,,,,,,,,,,,,,,,,,,,,,,,,,,,,,,,,,,,,,,,,,,,,,,,,,,,,,,,,,,,,,,,,,,,,,,,,,,,,,,,,,,,,,,,,,,,,,,,,,,,,,,,,,,,,,,,,,,,,,,,,,,,,,,,,,,,,,,,,,,,,,,,,,,,,,,,,,,,,,,,,,,,,,,,,,,,,,,,,,,,,,,,,,,,,,,,,,,,,,,,,,,,,,,,,,,,,,,,,,,,,,,,,,,,,,,,,,,,,,,,,,,,,,,,,,,,,,,,,,,,,,,,,,,,,,,,,,,,,,,,,,,,,,,,,,,,,,,,,,,,,,,
PM2.5 Cyclone,N/A,,,,,,,,,,,,,,,,,,,,,,,,,,,,,,,,,,,,,,,,,,,,,,,,,,,,,,,,,,,,,,,,,,,,,,,,,,,,,,,,,,,,,,,,,,,,,,,,,,,,,,,,,,,,,,,,,,,,,,,,,,,,,,,,,,,,,,,,,,,,,,,,,,,,,,,,,,,,,,,,,,,,,,,,,,,,,,,,,,,,,,,,,,,,,,,,,,,,,,,,,,,,,,,,,,,,,,,,,,,,,,,,,,,,,,,,,,,,,,,,,,,,,,,,,,,,,,,,,,,,,,,,,,,,,,,,,,,,,,,,,,,,,,,,,,,,,,,,,,,,,,,,,,,,,,,,,,,,,,,,,,,,,,,,,,,,,,,,,,,,,,,,,,,,,,,,,,,,,,,,,,,,,,,,,,,,,,,,,,,,,,,,,,,,,,,,,,,,,,,,,,,,,,,,,,,,,,,,,,,,,,,,,,,,,,,,,,,,,,,,,,,,,,,,,,,,,,,,,,,,,,,,,,,,,,,,
Flow Splitter,N/A,,,,,,,,,,,,,,,,,,,,,,,,,,,,,,,,,,,,,,,,,,,,,,,,,,,,,,,,,,,,,,,,,,,,,,,,,,,,,,,,,,,,,,,,,,,,,,,,,,,,,,,,,,,,,,,,,,,,,,,,,,,,,,,,,,,,,,,,,,,,,,,,,,,,,,,,,,,,,,,,,,,,,,,,,,,,,,,,,,,,,,,,,,,,,,,,,,,,,,,,,,,,,,,,,,,,,,,,,,,,,,,,,,,,,,,,,,,,,,,,,,,,,,,,,,,,,,,,,,,,,,,,,,,,,,,,,,,,,,,,,,,,,,,,,,,,,,,,,,,,,,,,,,,,,,,,,,,,,,,,,,,,,,,,,,,,,,,,,,,,,,,,,,,,,,,,,,,,,,,,,,,,,,,,,,,,,,,,,,,,,,,,,,,,,,,,,,,,,,,,,,,,,,,,,,,,,,,,,,,,,,,,,,,,,,,,,,,,,,,,,,,,,,,,,,,,,,,,,,,,,,,,,,,,,,,,
Dryer,N/A,,,,,,,,,,,,,,,,,,,,,,,,,,,,,,,,,,,,,,,,,,,,,,,,,,,,,,,,,,,,,,,,,,,,,,,,,,,,,,,,,,,,,,,,,,,,,,,,,,,,,,,,,,,,,,,,,,,,,,,,,,,,,,,,,,,,,,,,,,,,,,,,,,,,,,,,,,,,,,,,,,,,,,,,,,,,,,,,,,,,,,,,,,,,,,,,,,,,,,,,,,,,,,,,,,,,,,,,,,,,,,,,,,,,,,,,,,,,,,,,,,,,,,,,,,,,,,,,,,,,,,,,,,,,,,,,,,,,,,,,,,,,,,,,,,,,,,,,,,,,,,,,,,,,,,,,,,,,,,,,,,,,,,,,,,,,,,,,,,,,,,,,,,,,,,,,,,,,,,,,,,,,,,,,,,,,,,,,,,,,,,,,,,,,,,,,,,,,,,,,,,,,,,,,,,,,,,,,,,,,,,,,,,,,,,,,,,,,,,,,,,,,,,,,,,,,,,,,,,,,,,,,,,,,,,,,
Secondary Sampling Tube,N/A,,,,,,,,,,,,,,,,,,,,,,,,,,,,,,,,,,,,,,,,,,,,,,,,,,,,,,,,,,,,,,,,,,,,,,,,,,,,,,,,,,,,,,,,,,,,,,,,,,,,,,,,,,,,,,,,,,,,,,,,,,,,,,,,,,,,,,,,,,,,,,,,,,,,,,,,,,,,,,,,,,,,,,,,,,,,,,,,,,,,,,,,,,,,,,,,,,,,,,,,,,,,,,,,,,,,,,,,,,,,,,,,,,,,,,,,,,,,,,,,,,,,,,,,,,,,,,,,,,,,,,,,,,,,,,,,,,,,,,,,,,,,,,,,,,,,,,,,,,,,,,,,,,,,,,,,,,,,,,,,,,,,,,,,,,,,,,,,,,,,,,,,,,,,,,,,,,,,,,,,,,,,,,,,,,,,,,,,,,,,,,,,,,,,,,,,,,,,,,,,,,,,,,,,,,,,,,,,,,,,,,,,,,,,,,,,,,,,,,,,,,,,,,,,,,,,,,,,,,,,,,,,,,,,,,,,
,,,,,,,,,,,,,,,,,,,,,,,,,,,,,,,,,,,,,,,,,,,,,,,,,,,,,,,,,,,,,,,,,,,,,,,,,,,,,,,,,,,,,,,,,,,,,,,,,,,,,,,,,,,,,,,,,,,,,,,,,,,,,,,,,,,,,,,,,,,,,,,,,,,,,,,,,,,,,,,,,,,,,,,,,,,,,,,,,,,,,,,,,,,,,,,,,,,,,,,,,,,,,,,,,,,,,,,,,,,,,,,,,,,,,,,,,,,,,,,,,,,,,,,,,,,,,,,,,,,,,,,,,,,,,,,,,,,,,,,,,,,,,,,,,,,,,,,,,,,,,,,,,,,,,,,,,,,,,,,,,,,,,,,,,,,,,,,,,,,,,,,,,,,,,,,,,,,,,,,,,,,,,,,,,,,,,,,,,,,,,,,,,,,,,,,,,,,,,,,,,,,,,,,,,,,,,,,,,,,,,,,,,,,,,,,,,,,,,,,,,,,,,,,,,,,,,,,,,,,,,,,,,,,,,,,,,
,,,,,,,,,,,,,,,,,,,,,,,,,,,,,,,,,,,,,,,,,,,,,,,,,,,,,,,,,,,,,,,,,,,,,,,,,,,,,,,,,,,,,,,,,,,,,,,,,,,,,,,,,,,,,,,,,,,,,,,,,,,,,,,,,,,,,,,,,,,,,,,,,,,,,,,,,,,,,,,,,,,,,,,,,,,,,,,,,,,,,,,,,,,,,,,,,,,,,,,,,,,,,,,,,,,,,,,,,,,,,,,,,,,,,,,,,,,,,,,,,,,,,,,,,,,,,,,,,,,,,,,,,,,,,,,,,,,,,,,,,,,,,,,,,,,,,,,,,,,,,,,,,,,,,,,,,,,,,,,,,,,,,,,,,,,,,,,,,,,,,,,,,,,,,,,,,,,,,,,,,,,,,,,,,,,,,,,,,,,,,,,,,,,,,,,,,,,,,,,,,,,,,,,,,,,,,,,,,,,,,,,,,,,,,,,,,,,,,,,,,,,,,,,,,,,,,,,,,,,,,,,,,,,,,,,,,
,,,,,,,,,,,,,,,,,,,,,,,,,,,,,,,,,,,,,,,,,,,,,,,,,,,,,,,,,,,,,,,,,,,,,,,,,,,,,,,,,,,,,,,,,,,,,,,,,,,,,,,,,,,,,,,,,,,,,,,,,,,,,,,,,,,,,,,,,,,,,,,,,,,,,,,,,,,,,,,,,,,,,,,,,,,,,,,,,,,,,,,,,,,,,,,,,,,,,,,,,,,,,,,,,,,,,,,,,,,,,,,,,,,,,,,,,,,,,,,,,,,,,,,,,,,,,,,,,,,,,,,,,,,,,,,,,,,,,,,,,,,,,,,,,,,,,,,,,,,,,,,,,,,,,,,,,,,,,,,,,,,,,,,,,,,,,,,,,,,,,,,,,,,,,,,,,,,,,,,,,,,,,,,,,,,,,,,,,,,,,,,,,,,,,,,,,,,,,,,,,,,,,,,,,,,,,,,,,,,,,,,,,,,,,,,,,,,,,,,,,,,,,,,,,,,,,,,,,,,,,,,,,,,,,,,,,
,,,,,,,,,,,,,,,,,,,,,,,,,,,,,,,,,,,,,,,,,,,,,,,,,,,,,,,,,,,,,,,,,,,,,,,,,,,,,,,,,,,,,,,,,,,,,,,,,,,,,,,,,,,,,,,,,,,,,,,,,,,,,,,,,,,,,,,,,,,,,,,,,,,,,,,,,,,,,,,,,,,,,,,,,,,,,,,,,,,,,,,,,,,,,,,,,,,,,,,,,,,,,,,,,,,,,,,,,,,,,,,,,,,,,,,,,,,,,,,,,,,,,,,,,,,,,,,,,,,,,,,,,,,,,,,,,,,,,,,,,,,,,,,,,,,,,,,,,,,,,,,,,,,,,,,,,,,,,,,,,,,,,,,,,,,,,,,,,,,,,,,,,,,,,,,,,,,,,,,,,,,,,,,,,,,,,,,,,,,,,,,,,,,,,,,,,,,,,,,,,,,,,,,,,,,,,,,,,,,,,,,,,,,,,,,,,,,,,,,,,,,,,,,,,,,,,,,,,,,,,,,,,,,,,,,,,
,,,,,,,,,,,,,,,,,,,,,,,,,,,,,,,,,,,,,,,,,,,,,,,,,,,,,,,,,,,,,,,,,,,,,,,,,,,,,,,,,,,,,,,,,,,,,,,,,,,,,,,,,,,,,,,,,,,,,,,,,,,,,,,,,,,,,,,,,,,,,,,,,,,,,,,,,,,,,,,,,,,,,,,,,,,,,,,,,,,,,,,,,,,,,,,,,,,,,,,,,,,,,,,,,,,,,,,,,,,,,,,,,,,,,,,,,,,,,,,,,,,,,,,,,,,,,,,,,,,,,,,,,,,,,,,,,,,,,,,,,,,,,,,,,,,,,,,,,,,,,,,,,,,,,,,,,,,,,,,,,,,,,,,,,,,,,,,,,,,,,,,,,,,,,,,,,,,,,,,,,,,,,,,,,,,,,,,,,,,,,,,,,,,,,,,,,,,,,,,,,,,,,,,,,,,,,,,,,,,,,,,,,,,,,,,,,,,,,,,,,,,,,,,,,,,,,,,,,,,,,,,,,,,,,,,,,
,,,,,,,,,,,,,,,,,,,,,,,,,,,,,,,,,,,,,,,,,,,,,,,,,,,,,,,,,,,,,,,,,,,,,,,,,,,,,,,,,,,,,,,,,,,,,,,,,,,,,,,,,,,,,,,,,,,,,,,,,,,,,,,,,,,,,,,,,,,,,,,,,,,,,,,,,,,,,,,,,,,,,,,,,,,,,,,,,,,,,,,,,,,,,,,,,,,,,,,,,,,,,,,,,,,,,,,,,,,,,,,,,,,,,,,,,,,,,,,,,,,,,,,,,,,,,,,,,,,,,,,,,,,,,,,,,,,,,,,,,,,,,,,,,,,,,,,,,,,,,,,,,,,,,,,,,,,,,,,,,,,,,,,,,,,,,,,,,,,,,,,,,,,,,,,,,,,,,,,,,,,,,,,,,,,,,,,,,,,,,,,,,,,,,,,,,,,,,,,,,,,,,,,,,,,,,,,,,,,,,,,,,,,,,,,,,,,,,,,,,,,,,,,,,,,,,,,,,,,,,,,,,,,,,,,,,
,,,,,,,,,,,,,,,,,,,,,,,,,,,,,,,,,,,,,,,,,,Particle Concentration by Midpoint (nm),,,,,,,,,,,,,,,,,,,,,,,,,,,,,,,,,,,,,,,,,,,,,,,,,,,,,,,,,,,,,,,,,,,,,,,,,,,,,,,,,,,,,,,,,,,,,,,,,,,,,,,,,,,,,,,,,,,,,,,,,,,,,,,,,,,,,,,,,,,,,,,,,,,,,,,,,,,,,,,,,,,,,,,,,,,,,,,,,,,,,,,,,,,,,,,,,,,,,,,,,,,,,,,,,,,,,,,,Raw Concentration by Midpoint (nm),,,,,,,,,,,,,,,,,,,,,,,,,,,,,,,,,,,,,,,,,,,,,,,,,,,,,,,,,,,,,,,,,,,,,,,,,,,,,,,,,,,,,,,,,,,,,,,,,,,,,,,,,,,,,,,,,,,,,,,,,,,,,,,,,,,,,,,,,,,,,,,,,,,,,,,,,,,,,,,,,,,,,,,,,,,,,,,,,,,,,,,,,,,,,,,,,,,,,,,,,,,,,,,,,,,,,,,
Scan Number,DateTime Sample Start,Test Name,Detector Status,Classifier Errors,Communication Status,Neutralizer Status,Detector Inlet Flow (L/min),Detector Counting Flow (L/min),Impactor Flow (L/min),Impactor D50 (nm),Sheath Flow (L/min),Sheath Temp (C),Sheath Pressure (kPa),Sheath Relative Humidity (%),Mean Free Path (m),Gas Viscosity (Pa*s),Low Voltage (V),High Voltage (V),Lower Size (nm),Upper Size (nm),Wide Range Scan Mode,Scan Direction,HV Polarity,DMA V Ramping Up (TUP) (s),DMA V Ramping Down (TDOWN) (s),DMA Column transit time Tf (s),DMA Exit to Optical Detector Td (s),DMA at Low Voltage (TLOW) (s),DMA at High Voltage (THIGH) (s),Adjustment (s),Dilution Factor,Aerosol Density (g/cm³),Median (nm),Mean (nm),Geo. Mean (nm),Mode (nm),Geo. Std. Dev,Total Concentration (#/cm³),Aerosol Humidity (%),Aerosol Temperature (C),Reserved 1,13.22,13.46,13.70,13.95,14.20,14.46,14.72,14.99,15.26,15.54,15.82,16.11,16.40,16.70,17.00,17.31,17.62,17.94,18.27,18.60,18.94,19.28,19.63,19.99,20.35,20.72,21.10,21.48,21.87,22.27,22.67,23.08,23.50,23.93,24.36,24.80,25.25,25.71,26.18,26.66,27.14,27.63,28.13,28.64,29.16,29.69,30.23,30.78,31.34,31.91,32.49,33.08,33.68,34.29,34.91,35.55,36.19,36.85,37.52,38.20,38.89,39.60,40.32,41.05,41.79,42.55,43.32,44.11,44.91,45.73,46.56,47.40,48.26,49.14,50.03,50.94,51.86,52.80,53.76,54.74,55.73,56.74,57.77,58.82,59.89,60.98,62.08,63.21,64.36,65.52,66.71,67.93,69.16,70.41,71.69,72.99,74.32,75.67,77.04,78.44,79.86,81.31,82.79,84.29,85.82,87.38,88.96,90.58,92.22,93.90,95.60,97.34,99.10,100.90,102.74,104.60,106.50,108.43,110.40,112.40,114.44,116.52,118.64,120.79,122.98,125.21,127.49,129.80,132.16,134.56,137.00,139.49,142.02,144.60,147.22,149.89,152.61,155.38,158.20,161.08,164.00,166.98,170.01,173.09,176.24,179.43,182.69,186.01,189.38,192.82,196.32,199.89,203.51,207.21,210.97,214.80,218.70,222.67,226.71,230.82,235.01,239.28,243.62,248.05,252.55,257.13,261.80,266.55,271.39,276.32,281.33,286.44,291.64,296.93,302.32,307.81,313.40,319.08,324.88,330.77,336.78,342.89,349.12,355.45,361.90,368.47,375.16,381.97,388.91,395.96,403.15,410.47,417.92,425.51,433.23,441.09,449.10,457.25,465.55,474.00,482.61,491.37,500.29,509.37,518.61,528.03,537.61,547.37,557.31,567.42,577.72,588.21,598.89,609.76,620.82,632.09,_13.22,_13.46,_13.70,_13.95,_14.20,_14.46,_14.72,_14.99,_15.26,_15.54,_15.82,_16.11,_16.40,_16.70,_17.00,_17.31,_17.62,_17.94,_18.27,_18.60,_18.94,_19.28,_19.63,_19.99,_20.35,_20.72,_21.10,_21.48,_21.87,_22.27,_22.67,_23.08,_23.50,_23.93,_24.36,_24.80,_25.25,_25.71,_26.18,_26.66,_27.14,_27.63,_28.13,_28.64,_29.16,_29.69,_30.23,_30.78,_31.34,_31.91,_32.49,_33.08,_33.68,_34.29,_34.91,_35.55,_36.19,_36.85,_37.52,_38.20,_38.89,_39.60,_40.32,_41.05,_41.79,_42.55,_43.32,_44.11,_44.91,_45.73,_46.56,_47.40,_48.26,_49.14,_50.03,_50.94,_51.86,_52.80,_53.76,_54.74,_55.73,_56.74,_57.77,_58.82,_59.89,_60.98,_62.08,_63.21,_64.36,_65.52,_66.71,_67.93,_69.16,_70.41,_71.69,_72.99,_74.32,_75.67,_77.04,_78.44,_79.86,_81.31,_82.79,_84.29,_85.82,_87.38,_88.96,_90.58,_92.22,_93.90,_95.60,_97.34,_99.10,_100.90,_102.74,_104.60,_106.50,_108.43,_110.40,_112.40,_114.44,_116.52,_118.64,_120.79,_122.98,_125.21,_127.49,_129.80,_132.16,_134.56,_137.00,_139.49,_142.02,_144.60,_147.22,_149.89,_152.61,_155.38,_158.20,_161.08,_164.00,_166.98,_170.01,_173.09,_176.24,_179.43,_182.69,_186.01,_189.38,_192.82,_196.32,_199.89,_203.51,_207.21,_210.97,_214.80,_218.70,_222.67,_226.71,_230.82,_235.01,_239.28,_243.62,_248.05,_252.55,_257.13,_261.80,_266.55,_271.39,_276.32,_281.33,_286.44,_291.64,_296.93,_302.32,_307.81,_313.40,_319.08,_324.88,_330.77,_336.78,_342.89,_349.12,_355.45,_361.90,_368.47,_375.16,_381.97,_388.91,_395.96,_403.15,_410.47,_417.92,_425.51,_433.23,_441.09,_449.10,_457.25,_465.55,_474.00,_482.61,_491.37,_500.29,_509.37,_518.61,_528.03,_537.61,_547.37,_557.31,_567.42,_577.72,_588.21,_598.89,_609.76,_620.82,_632.09
1,25/11/2025 10:02:15,,Normal Scan,Normal Scan,0,ON,0.3,0.3,0.325,647.5,3.000,23.8,95.3,34.2,7.17829e-8,1.83627e-5,10.07,7222.23,13.1,637.8,1,Up Scan,Negative,278.0,0.0,7.46,2.82,11.0,11.0,0.00,1.0,1.0,160.846,170.762,143.155,203.514,1.890,2.67657e+5,N/A,N/A,,277.362,1971.508,674.400,658.254,1545.960,861.502,815.276,495.102,2269.309,1417.560,2988.618,3526.457,3265.306,3294.344,4034.931,3850.647,2593.349,2809.506,5698.689,5282.382,5992.727,6794.414,6927.597,8574.129,8775.080,9921.577,9607.485,12493.523,11570.785,13099.262,13649.867,13315.703,13191.018,17076.454,17737.855,19095.047,17830.737,20730.777,22195.867,24470.641,24871.657,25671.781,29483.785,30232.192,31505.712,35327.903,34227.424,37761.507,39474.104,42462.819,44268.042,42705.016,46841.927,51417.622,55742.421,53074.024,59742.935,64937.602,66340.654,69038.954,71751.598,78980.161,78404.309,78115.599,79865.300,82662.709,86869.740,93075.168,93352.310,95766.114,101843.869,105339.349,100901.206,104769.595,110044.034,110669.090,115331.015,115310.874,120452.812,127038.799,123695.997,130646.692,134736.446,143852.901,144206.083,147526.959,152284.042,151248.927,154199.812,162321.376,174697.213,172314.277,176646.128,179143.840,183721.330,190140.358,196528.550,197689.555,205945.065,204817.838,203237.367,213385.623,211425.289,216439.520,217460.087,219846.046,223205.223,222936.181,231279.445,237086.766,232783.468,235241.482,230872.919,243138.062,238405.409,248347.207,252382.486,264835.491,260886.993,267976.968,275944.622,267011.805,284779.189,272106.687,279375.288,287953.222,290726.534,282680.287,302343.969,291955.755,303341.646,305566.632,317870.430,316906.978,331958.763,346913.717,351257.766,351923.334,364150.997,362220.386,370849.876,375423.635,383053.831,388823.294,395689.298,398467.011,401302.229,407849.957,423673.490,425647.574,435037.024,439836.019,450108.035,443447.692,443354.948,440496.409,446807.164,439280.613,447216.967,440007.404,438371.786,438378.282,426741.684,426402.915,413625.031,401340.518,389179.158,376615.679,358363.734,350337.618,334715.765,318811.903,303737.855,286226.403,268724.846,252955.745,244747.961,225547.064,212379.284,201287.219,189783.359,171374.447,155518.076,143756.897,130983.207,117964.361,108449.727,100696.811,90776.309,77187.832,71417.967,61938.109,54639.436,50237.583,43500.692,39779.836,36658.431,32289.314,25175.808,23720.639,20808.438,18686.821,15187.255,15460.432,10297.920,9677.779,7763.381,6030.489,5161.852,4193.765,4227.933,3241.384,2272.867,2007.229,1323.498,1445.815,0.095,0.719,0.260,0.267,0.668,0.401,0.401,0.268,1.205,0.803,1.741,2.144,2.082,2.208,2.817,2.818,2.014,2.283,4.702,4.570,5.378,6.322,6.736,8.610,9.159,10.747,10.809,14.459,13.968,16.342,17.643,17.810,18.393,24.374,26.248,28.987,28.349,33.858,37.310,42.260,44.429,47.515,55.541,58.564,62.769,71.976,72.360,81.769,87.617,96.564,103.578,103.160,115.602,129.641,143.536,141.383,161.551,178.877,187.914,199.762,213.019,238.766,244.614,250.686,262.311,277.803,296.973,322.955,333.417,352.198,379.463,400.334,396.045,419.316,449.015,463.956,490.982,504.867,533.362,569.187,572.743,610.843,641.338,690.253,707.356,736.343,772.173,788.878,816.394,865.420,932.357,946.154,981.661,1018.221,1060.828,1119.578,1167.040,1201.703,1268.224,1284.505,1313.986,1377.183,1404.676,1460.743,1491.700,1538.867,1587.442,1620.232,1696.573,1768.119,1783.856,1849.762,1885.175,1986.830,2004.023,2099.154,2152.348,2258.419,2283.518,2361.848,2447.192,2439.653,2566.201,2538.527,2633.217,2706.960,2759.127,2751.256,2877.955,2835.950,2903.858,2933.158,3001.351,3014.210,3089.802,3177.193,3194.860,3186.678,3246.505,3208.066,3219.738,3213.954,3211.733,3213.194,3211.473,3182.394,3147.876,3134.543,3166.871,3143.751,3148.860,3130.610,3150.905,3073.940,3015.416,2954.755,2949.873,2867.359,2870.917,2800.658,2760.042,2713.887,2625.706,2591.317,2498.993,2410.337,2323.634,2240.650,2129.516,2051.668,1955.097,1855.716,1760.914,1654.315,1547.311,1447.662,1394.161,1279.198,1200.208,1132.717,1065.759,959.075,867.560,800.137,733.632,653.398,593.039,548.708,493.081,418.015,385.246,332.902,292.510,267.805,230.945,210.205,192.812,169.053,131.230,123.022,107.392,95.954,77.596,78.562,52.072,48.675,38.840,30.009,25.547,20.641,20.694,15.777,11.003,9.663,6.336,6.883
2,25/11/2025 10:07:32,,Normal Scan,Normal Scan,0,ON,0.3,0.3,0.325,647.5,3.000,23.8,95.3,32.4,7.17829e-8,1.83627e-5,10.07,7222.23,13.1,637.8,1,Up Scan,Negative,278.0,0.0,7.46,2.82,11.0,11.0,0.00,1.0,1.0,142.219,156.616,130.935,189.384,1.890,3.15401e+5,N/A,N/A,,60154.170,29061.789,17621.743,8211.378,11182.926,7534.588,2680.538,3201.342,1757.678,926.266,707.675,1862.985,1422.671,2151.036,854.398,606.595,1293.915,859.818,2628.328,2484.185,4233.956,4762.057,6169.061,6691.151,6525.811,9583.153,8405.682,10418.741,11123.560,13186.297,13258.887,15498.580,18126.021,19206.450,20660.792,21738.103,21298.330,23739.387,27200.594,29104.004,29021.233,33401.070,30990.884,36773.927,39356.305,39785.550,39518.442,44180.636,51207.744,52493.878,59616.644,65534.168,69514.228,77629.971,81122.749,82450.121,84864.396,93784.031,92541.299,95333.199,98362.670,98226.159,102281.304,105526.862,110057.421,119456.522,124794.629,123030.337,137524.874,128427.499,136568.800,140207.406,141425.099,144440.897,145906.631,151200.509,153888.547,165173.119,164032.099,178682.506,189499.799,188726.824,200307.861,203440.578,204558.863,212726.643,209492.753,206349.295,221849.807,219492.778,228377.201,228503.261,236044.000,236765.178,235696.536,243675.850,252192.186,247119.509,251196.625,262215.198,268162.569,274286.365,265727.251,270790.585,282200.345,287393.095,308342.840,308651.702,321592.481,326008.218,337665.028,341976.722,341625.092,354762.856,353520.438,361221.925,371025.389,363372.441,368984.175,382195.486,378637.079,383976.039,377432.758,389397.225,383772.914,399698.146,402377.895,397583.089,398728.685,398410.160,382963.374,384272.182,390487.564,386602.153,397573.887,405094.994,404469.250,416449.498,428362.760,427167.214,433706.750,436979.226,455686.765,458566.342,461246.459,465091.659,475999.130,465010.196,477629.230,463332.615,464507.463,471759.465,460828.458,456759.776,457846.619,462643.530,451653.859,458397.752,449069.604,446026.816,438324.809,441504.279,428981.679,433393.831,425002.117,399126.197,385795.559,370300.286,363056.010,335462.401,317876.585,302357.230,284555.671,272705.288,250445.667,239215.992,223381.293,208956.286,190900.248,180083.925,166948.882,149963.255,132661.504,122460.006,110339.743,97440.157,88814.287,79554.483,69956.537,59234.209,57915.532,47638.884,41982.139,39405.049,33952.129,30972.480,25421.400,21193.491,18918.794,15948.574,12522.686,11474.592,9709.952,8854.697,6920.561,5591.157,4563.442,4572.632,3483.801,2982.803,1762.293,1746.411,1114.654,1498.619,1044.675,896.412,20.647,10.600,6.784,3.333,4.783,3.399,1.281,1.606,0.937,0.536,0.440,1.157,0.949,1.475,0.671,0.537,1.074,0.806,2.284,2.285,3.899,4.573,6.056,6.866,7.016,10.466,9.606,12.275,13.672,16.653,17.507,21.113,25.410,27.992,31.093,33.751,34.375,39.557,46.208,50.886,52.527,61.594,59.599,71.925,79.190,83.011,85.301,97.173,114.773,120.309,139.300,156.086,170.282,193.455,206.998,216.084,228.508,257.056,261.587,277.527,294.229,302.723,322.707,340.127,362.526,398.255,422.537,430.218,484.424,469.646,506.425,531.729,548.465,570.200,590.925,625.404,646.739,702.197,717.792,788.756,845.566,857.694,922.129,957.126,987.744,1046.784,1058.762,1073.023,1162.129,1180.429,1241.576,1273.529,1331.007,1364.149,1392.964,1447.133,1515.360,1534.037,1578.799,1661.184,1715.374,1783.903,1781.034,1848.021,1933.352,1991.082,2124.529,2150.218,2241.455,2308.016,2394.122,2466.193,2510.209,2613.460,2662.392,2748.330,2833.877,2845.764,2923.596,3043.546,3063.066,3128.366,3148.508,3225.073,3252.145,3333.965,3369.795,3370.975,3383.358,3388.547,3327.810,3337.238,3384.357,3360.348,3419.328,3449.773,3453.447,3500.884,3569.772,3528.505,3512.475,3494.915,3566.609,3522.143,3486.218,3463.307,3472.141,3377.006,3391.500,3279.523,3243.176,3233.166,3134.414,3069.053,3022.310,2999.008,2905.853,2903.694,2816.358,2769.359,2694.821,2676.372,2595.788,2586.498,2521.207,2365.753,2276.861,2174.479,2118.061,1949.987,1839.891,1741.324,1635.973,1562.006,1431.831,1360.890,1266.604,1183.305,1077.798,1012.891,934.112,837.426,739.442,682.306,616.945,539.483,486.579,434.471,380.801,321.374,312.831,256.404,225.021,210.278,180.404,163.806,133.850,111.086,98.667,82.776,64.680,58.959,49.637,45.027,35.004,28.131,22.835,22.757,17.243,14.683,8.627,8.502,5.397,7.215,5.002,4.268
3,25/11/2025 10:12:51,,Normal Scan,Normal Scan,0,ON,0.3,0.3,0.325,647.5,3.000,23.8,95.3,30.7,7.17829e-8,1.83627e-5,10.07,7222.23,13.1,637.8,1,Up Scan,Negative,278.0,0.0,7.46,2.82,11.0,11.0,0.00,1.0,1.0,136.588,150.252,125.423,192.822,1.889,3.42321e+5,N/A,N/A,,52608.280,18965.208,13496.330,14064.349,5301.182,4438.645,3503.330,1719.613,1753.579,678.092,2048.145,820.307,2494.310,1327.623,1574.972,2918.386,4341.762,2796.822,6324.501,2782.241,5323.545,5869.936,6748.327,8123.568,8707.050,6732.219,8579.745,11572.332,12052.941,13604.224,13731.329,15436.482,15198.204,19814.764,21407.399,26331.990,27807.010,28808.529,33479.060,39532.528,41263.144,45830.341,44244.900,48506.234,49681.184,53338.156,52053.195,66156.522,66088.484,64966.929,67889.668,72878.628,74988.747,82691.553,85762.730,89956.560,94895.795,106201.250,107697.423,115150.759,120558.484,124886.103,130525.336,136682.461,143444.381,147323.255,155205.760,155286.508,163240.724,172308.747,173300.755,178446.588,182895.280,182159.965,189089.660,192941.649,195237.395,196075.855,202307.796,210935.196,216944.930,216206.750,225669.161,234141.857,246249.697,245532.389,256716.637,263428.643,270468.302,278500.812,280868.832,280381.215,282854.165,286683.269,296212.247,296392.669,299058.248,301796.064,306207.656,312514.373,301612.680,303576.742,310623.449,314236.101,312395.442,320877.410,323809.536,335524.003,338544.597,341533.784,338800.924,349598.400,352884.976,356890.855,362160.040,371235.729,387404.640,394007.119,403908.237,406829.767,401900.315,400886.767,405110.528,423009.309,412226.971,427433.270,422389.126,426819.252,426168.336,436955.345,445809.649,444300.662,443238.380,452852.089,455095.242,458846.557,467497.041,471982.489,478909.862,482066.743,479850.621,484867.138,482118.220,494371.556,503236.589,514397.538,512225.447,517693.394,517502.996,523492.106,511594.377,519407.548,506950.731,500638.057,492053.071,484887.652,476969.147,476500.548,461853.731,466881.398,453919.499,434607.990,428481.972,417830.204,402216.332,384837.268,369680.021,348620.510,337537.453,320241.873,303574.456,284553.727,270803.773,252743.824,236365.501,224461.486,207367.962,194934.651,173669.234,160499.564,146062.073,136482.526,120009.381,105193.286,96188.623,88460.837,78073.754,68605.998,60002.387,54420.299,47757.836,44542.634,40016.511,33165.000,29776.279,26076.205,22132.694,18672.173,17004.316,14169.046,12406.555,10514.230,7974.304,8131.440,6831.579,4881.549,4181.984,4605.896,3476.930,2420.267,1985.571,1274.572,1364.534,1080.679,1178.639,806.935,18.058,6.918,5.196,5.709,2.272,2.006,1.669,0.873,0.937,0.402,1.205,0.536,1.608,0.939,1.163,2.191,3.356,2.326,5.277,2.608,4.941,5.683,6.732,8.384,9.327,7.709,9.989,13.915,15.022,17.406,18.273,21.217,21.758,28.957,32.274,40.542,44.273,47.694,56.609,68.417,73.695,83.933,84.143,94.676,100.117,110.302,111.619,142.616,147.319,149.840,160.452,176.157,187.032,209.837,223.336,239.612,258.057,292.930,305.392,333.316,357.307,378.917,405.318,434.541,464.789,488.866,525.359,539.663,578.370,620.339,637.449,668.517,698.970,715.221,754.111,784.668,810.371,832.707,873.861,918.553,960.736,981.160,1037.417,1090.829,1162.088,1185.923,1256.524,1308.598,1361.808,1422.629,1463.731,1491.203,1533.008,1583.715,1666.581,1704.859,1755.495,1802.068,1849.775,1911.020,1905.352,1959.914,2025.080,2084.650,2111.282,2188.241,2246.698,2353.173,2411.452,2462.727,2501.022,2596.307,2658.746,2728.560,2799.480,2887.450,3003.641,3071.840,3158.325,3217.940,3247.472,3295.101,3345.769,3471.301,3450.730,3557.614,3539.005,3585.863,3582.210,3640.297,3681.645,3670.112,3672.950,3706.813,3734.919,3732.689,3745.973,3754.761,3766.809,3748.351,3699.067,3674.914,3630.952,3656.356,3655.099,3663.447,3614.188,3596.287,3557.837,3548.116,3444.958,3434.135,3323.129,3244.444,3165.683,3077.698,2996.007,2964.939,2854.687,2848.803,2748.624,2623.189,2566.103,2492.755,2388.593,2271.870,2174.886,2045.334,1970.877,1861.423,1757.208,1642.890,1556.633,1448.509,1353.076,1278.705,1177.373,1106.102,983.092,903.824,819.901,762.692,670.269,587.575,539.387,490.221,428.227,375.075,326.921,295.350,258.216,239.805,214.523,177.078,158.281,137.974,116.571,97.889,88.704,73.552,64.079,54.032,40.770,41.345,34.556,24.561,20.929,22.922,17.210,11.914,9.720,6.205,6.606,5.203,5.643,3.842
4,25/11/2025 10:18:09,,Normal Scan,Normal Scan,0,ON,0.3,0.3,0.325,647.6,3.000,23.9,95.4,29.2,7.17384e-8,1.83674e-5,10.07,7222.23,13.1,637.8,1,Up Scan,Negative,278.0,0.0,7.46,2.82,11.0,11.0,0.00,1.0,1.0,134.107,152.062,126.009,166.977,1.905,3.68487e+5,N/A,N/A,,52246.077,21360.866,14540.789,9870.592,7770.814,3858.638,2511.990,2108.328,1746.715,2135.490,1331.320,363.794,2684.393,1511.611,1231.337,2083.183,1990.111,2392.264,2581.020,5340.810,5076.845,5677.227,7214.414,7657.989,10859.484,9199.408,10093.979,14170.392,13158.574,18070.306,15443.579,16602.872,20267.631,22929.203,23144.134,28213.877,24856.964,29146.811,32502.041,35088.702,39054.442,41577.656,45625.883,48780.571,47729.996,53474.526,57711.380,62987.686,72912.558,75397.852,78042.942,83333.367,92989.036,95143.938,100075.902,103519.894,111582.562,111950.258,122550.568,122690.646,130092.718,134220.435,144464.866,150618.284,149694.910,155751.013,163189.502,158993.479,161759.614,171509.097,173503.540,175044.185,184857.145,193057.569,197283.775,205791.840,211316.246,222468.631,225514.111,229245.312,242364.213,248394.994,264403.155,262605.937,267332.772,256429.532,264651.687,280587.430,275783.323,286591.193,289195.716,289011.817,288211.329,301782.821,305283.281,307736.093,315539.718,319464.302,324824.095,327021.780,344564.693,341217.915,340853.579,355512.998,357965.196,373140.944,395581.735,397518.554,402860.706,407573.828,415712.248,422127.028,425346.971,418562.920,427982.985,424660.228,438996.093,446105.866,447468.038,440164.075,445741.842,448422.914,445829.910,451033.390,467552.982,463503.259,462783.379,461742.543,459401.869,457021.756,460218.520,461370.715,462230.099,466094.095,461949.155,461534.257,487193.310,508509.232,514434.270,519493.293,523026.013,531443.242,514658.966,525890.960,508723.845,510400.794,497203.225,488449.431,472241.314,465382.885,468606.566,468401.470,475464.835,468232.440,466650.947,459170.906,453384.981,457841.181,453884.749,458655.945,448945.444,451392.863,427904.448,421618.978,411090.730,408377.523,395098.939,384708.292,376519.612,368565.713,353149.314,335932.923,322205.688,305857.168,292301.472,278585.335,258631.065,240194.026,224373.231,205178.949,190680.764,178990.838,159845.896,150959.387,136269.700,121351.510,115088.375,100221.787,94324.672,82582.604,71602.762,66944.194,58585.307,48970.778,45688.683,39200.372,34767.322,31030.193,24519.984,22271.761,18223.718,18094.693,13796.207,11856.357,9363.231,7129.289,5868.201,5671.830,5477.719,4562.304,3257.159,2563.467,2066.989,1862.554,1382.619,1170.085,17.943,7.795,5.601,4.009,3.331,1.749,1.204,1.070,0.937,1.205,0.804,0.268,1.742,1.073,0.939,1.610,1.611,2.014,2.284,4.702,4.708,5.474,7.174,7.943,11.454,10.260,11.692,16.748,16.407,22.895,20.593,22.946,28.825,33.497,35.134,43.697,40.568,48.479,55.729,61.741,70.591,77.378,87.368,95.982,97.065,111.183,122.949,136.647,160.827,171.118,181.572,198.330,227.242,239.071,257.594,273.484,301.160,310.992,345.946,356.507,387.680,410.828,449.724,478.239,485.825,515.188,552.532,553.319,576.587,621.011,641.541,660.818,711.491,755.624,787.161,835.998,874.662,933.900,966.192,1005.615,1072.152,1117.391,1204.904,1225.869,1278.054,1270.299,1329.502,1420.541,1433.678,1510.439,1552.530,1578.778,1609.217,1694.734,1749.460,1799.009,1866.539,1911.514,1972.984,2017.901,2132.909,2168.383,2215.365,2317.205,2367.363,2472.488,2609.663,2658.873,2724.459,2785.808,2865.466,2928.183,2984.427,3032.252,3147.468,3182.292,3300.462,3382.831,3424.769,3429.835,3488.176,3530.801,3540.051,3574.128,3658.062,3657.491,3687.293,3709.642,3727.996,3731.393,3755.284,3763.190,3783.549,3811.897,3812.397,3799.107,3927.049,3996.701,4011.752,4024.967,4023.216,4043.208,3933.500,3972.213,3845.545,3809.070,3699.624,3609.204,3489.503,3401.632,3363.742,3314.136,3295.292,3207.150,3155.948,3064.533,3000.780,2974.623,2916.279,2901.346,2819.931,2796.850,2634.485,2578.922,2489.356,2448.548,2357.047,2279.957,2221.318,2148.777,2050.594,1941.794,1859.227,1754.373,1668.874,1581.613,1463.141,1356.917,1266.392,1154.929,1068.030,998.791,890.676,839.236,760.553,670.569,628.936,546.239,512.315,447.085,386.296,359.709,313.547,261.109,242.536,207.194,182.914,162.494,127.824,115.547,94.080,92.932,70.503,60.271,47.356,35.864,29.368,28.227,27.113,22.454,15.946,12.480,10.008,8.968,6.620,5.571
